{"autoAvgRMSE": 0.012332204278404063, "autoAvgMax": 0.033621550703442346, "markerErrors": [["R.Toe", 0.029991704433463783], ["L.ASIS", 0.02268624314129978], ["L.Toe", 0.020714998173591844], ["R.MT5", 0.020437934064910117], ["R.ASIS", 0.019138038069237726], ["L.Shoulder", 0.01728425200568195], ["R.Heel", 0.017086207318653023], ["L.TH1", 0.015990834821910046], ["R.TH1", 0.015045723380558026], ["L.Knee", 0.014782248894257199], ["L.TH3", 0.014094876466184906], ["L.Heel", 0.014030577659108858], ["R.TH2", 0.013499091226288838], ["L.TH2", 0.013174308033396663], ["L.Wrist", 0.01166317345471244], ["L.MT5", 0.01162542992739699], ["L.TH4", 0.011175062802497762], ["R.SH3", 0.01113035524114061], ["R.Ankle", 0.010686143769218615], ["R.TH3", 0.01060587273297997], ["R.Shoulder", 0.010595037622833054], ["R.SH4", 0.010173209808071551], ["L.Elbow", 0.009351828108741574], ["S2", 0.009159541237148816], ["R.Knee", 0.008680091613502168], ["L.Ankle", 0.008019069906018927], ["R.Clavicle", 0.007092017130216059], ["L.SH3", 0.006766925521428146], ["L.PSIS", 0.006711475043441426], ["L.SH2", 0.006308450886403103], ["R.PSIS", 0.005958523957255905], ["L.Clavicle", 0.005780030080876985], ["R.SH2", 0.005281373340739802], ["L.SH1", 0.004593788453571917], ["R.SH1", 0.004357548351085021], ["R.Elbow", 0.0035516412421584976], ["R.Biceps", 0.003111773500867736], ["R.Forearm", 0.0030312417054325722], ["L.Biceps", 0.002455331784989129], ["R.Wrist", 0.002112614383155593], ["L.Forearm", 0.001932143999791726]]}